{"cameraMode":{"drawMode":0,"name":"Shaded","section":"Shading Mode"},"sceneLighting":false,"audioPlay":false,"sceneViewState":{"showFog":true,"showMaterialUpdate":true,"showSkybox":false,"showFlares":true,"showImageEffects":true,"showParticleSystems":true},"in2DMode":false,"pivot":{"x":3.4719998836517336,"y":0.25031232833862307,"z":-0.023566558957099916},"rotation":{"x":0.1264616996049881,"y":-0.03922656551003456,"z":0.005003693979233503,"w":0.9911829829216003},"size":1.1725081205368043,"orthographic":false}