{"cameraMode":{"drawMode":0,"name":"Shaded","section":"Shading Mode"},"sceneLighting":true,"audioPlay":false,"sceneViewState":{"showFog":true,"showMaterialUpdate":true,"showSkybox":true,"showFlares":true,"showImageEffects":true,"showParticleSystems":true},"in2DMode":false,"pivot":{"x":62.25670623779297,"y":4.025209903717041,"z":19.279279708862306},"rotation":{"x":0.22715836763381959,"y":-0.1480189561843872,"z":0.03495660051703453,"w":0.9619082808494568},"size":8.671821594238282,"orthographic":false}