{"cameraMode":{"drawMode":0,"name":"Shaded","section":"Shading Mode"},"sceneLighting":false,"audioPlay":false,"sceneViewState":{"showFog":true,"showMaterialUpdate":true,"showSkybox":false,"showFlares":true,"showImageEffects":true,"showParticleSystems":true},"in2DMode":false,"pivot":{"x":0.14740252494812013,"y":-0.17565977573394776,"z":0.13446998596191407},"rotation":{"x":0.12757480144500733,"y":-0.08524103462696076,"z":0.011004527099430561,"w":0.9880979657173157},"size":2.928861141204834,"orthographic":false}