{"cameraMode":{"drawMode":0,"name":"Shaded","section":"Shading Mode"},"sceneLighting":false,"audioPlay":false,"sceneViewState":{"showFog":true,"showMaterialUpdate":true,"showSkybox":false,"showFlares":true,"showImageEffects":true,"showParticleSystems":true},"in2DMode":false,"pivot":{"x":4.3865156173706059,"y":0.12317976355552674,"z":0.09985220432281494},"rotation":{"x":0.15832772850990296,"y":0.10439816862344742,"z":-0.016838181763887407,"w":0.9817076325416565},"size":1.0128936767578126,"orthographic":false}